                       {"autor": "cr7", "comentario_data": "2021-12-10 21:16:33.551Z", "comentario": "Nice!", "id_video": 11}
  {"autor": "cr7", "comentario_data": "2021-12-10 21:15:07.018Z", "comentario": "Acho que não gostei muito!", "id_video": 13}
 {"autor": "eduf", "comentario_data": "2021-12-10 21:16:41.221Z", "comentario": "O melhor núcleo é o nosso!", "id_video": 13}
                       {"autor": "eduf", "comentario_data": "2021-12-09 15:35:41.795Z", "comentario": "Nice!", "id_video": 9}
        {"autor": "admin", "comentario_data": "2021-12-10 21:16:36.655Z", "comentario": "Adorei, muito bom!", "id_video": 15}
                {"autor": "renatod", "comentario_data": "2021-12-09 15:35:41.800Z", "comentario": "Top Top!", "id_video": 10}
            {"autor": "renatod", "comentario_data": "2021-12-09 15:35:41.789Z", "comentario": "Já vi melhor!", "id_video": 7}
                     {"autor": "renatod", "comentario_data": "2021-12-09 15:35:41.785Z", "comentario": "Top!", "id_video": 4}
                  {"autor": "renatod", "comentario_data": "2021-12-09 15:35:41.765Z", "comentario": "Gostei!", "id_video": 1}
                   {"autor": "pedrom", "comentario_data": "2021-12-09 15:35:41.805Z", "comentario": "Adorei!", "id_video": 8}
                     {"autor": "pedrom", "comentario_data": "2021-12-09 15:35:41.779Z", "comentario": "Cool!", "id_video": 2}
                     {"autor": "pedrom", "comentario_data": "2021-12-09 15:35:41.774Z", "comentario": "Damn!", "id_video": 3}
                {"autor": "pedrom", "comentario_data": "2021-12-09 15:35:41.770Z", "comentario": "Muito Bom!", "id_video": 5}
                {"autor": "pedrom", "comentario_data": "2021-12-09 15:35:41.760Z", "comentario": "Muito Bom!", "id_video": 1}

(14 rows)
