                    {"follower": "cr7", "data": "2021-12-20 11:59:16.179Z", "autor": "renatod", "comentario": "Top top!"}
                         {"follower": "user", "data": "2021-12-20 11:59:46.214Z", "autor": "eduf", "comentario": "Nice!"}
                       {"follower": "eduf", "data": "2021-12-20 11:59:35.525Z", "autor": "renatod", "comentario": "Top!"}
                          {"follower": "eduf", "data": "2021-12-20 11:59:29.179Z", "autor": "cr7", "comentario": "Nice!"}
           {"follower": "eduf", "data": "2021-12-20 11:59:24.453Z", "autor": "admin", "comentario": "Adorei, muito bom!"}
    {"follower": "eduf", "data": "2021-12-20 11:59:12.987Z", "autor": "eduf", "comentario": "O melhor núcleo é o nosso!"}
                        {"follower": "admin", "data": "2021-12-20 11:59:43.195Z", "autor": "eduf", "comentario": "Nice!"}
          {"follower": "admin", "data": "2021-12-20 11:59:21.210Z", "autor": "admin", "comentario": "Adorei, muito bom!"}
               {"follower": "renatod", "data": "2021-12-20 11:59:38.561Z", "autor": "pedrom", "comentario": "Muito Bom!"}
                       {"follower": "renatod", "data": "2021-12-20 11:59:32.448Z", "autor": "cr7", "comentario": "Nice!"}
 {"follower": "renatod", "data": "2021-12-20 11:59:09.455Z", "autor": "eduf", "comentario": "O melhor núcleo é o nosso!"}
  {"follower": "pedrom", "data": "2021-12-20 11:59:05.785Z", "autor": "eduf", "comentario": "O melhor núcleo é o nosso!"}

(12 rows)
