                                           {"id_video": 5, "utilizador": ["renatod"]}
                                              {"id_video": 10, "utilizador": ["cr7"]}
                        {"id_video": 13, "utilizador": ["eduf", "pedrom", "renatod"]}
                                  {"id_video": 11, "utilizador": ["eduf", "renatod"]}
                  {"id_video": 1, "utilizador": ["eduardofernandes@ua.pt", "pedrom"]}
                                              {"id_video": 4, "utilizador": ["eduf"]}
                                    {"id_video": 15, "utilizador": ["admin", "eduf"]}
                                              {"id_video": 6, "utilizador": ["eduf"]}
                                     {"id_video": 9, "utilizador": ["admin", "user"]}
                        {"id_video": 12, "utilizador": ["eduf", "pedrom", "renatod"]}
 {"id_video": 3, "utilizador": ["eduardofernandes@ua.pt", "pedrom", "ronaldo@ua.pt"]}

(11 rows)
