  {"id_video": 5, "valor": 5, "data": "2021-12-10 21:32:09.964Z"}
 {"id_video": 10, "valor": 4, "data": "2021-12-10 21:32:26.990Z"}
 {"id_video": 13, "valor": 4, "data": "2021-12-10 21:32:31.048Z"}
 {"id_video": 13, "valor": 4, "data": "2021-12-10 21:32:34.497Z"}
 {"id_video": 13, "valor": 5, "data": "2021-12-10 21:31:37.191Z"}
 {"id_video": 13, "valor": 5, "data": "2021-12-10 21:32:37.807Z"}
 {"id_video": 13, "valor": 5, "data": "2021-12-10 21:33:47.196Z"}
 {"id_video": 11, "valor": 4, "data": "2021-12-10 21:32:23.459Z"}
  {"id_video": 1, "valor": 4, "data": "2021-12-09 15:53:41.867Z"}
  {"id_video": 1, "valor": 4, "data": "2021-12-09 15:53:42.685Z"}
  {"id_video": 1, "valor": 5, "data": "2021-12-09 15:53:41.873Z"}
  {"id_video": 1, "valor": 5, "data": "2021-12-09 15:53:41.878Z"}
  {"id_video": 1, "valor": 5, "data": "2021-12-09 15:53:41.912Z"}
  {"id_video": 8, "valor": 2, "data": "2021-12-10 21:32:16.091Z"}
  {"id_video": 8, "valor": 3, "data": "2021-12-10 21:32:19.714Z"}
  {"id_video": 2, "valor": 3, "data": "2021-12-09 15:53:41.884Z"}
  {"id_video": 2, "valor": 4, "data": "2021-12-09 15:53:41.889Z"}
 {"id_video": 15, "valor": 3, "data": "2021-12-10 21:31:47.929Z"}
 {"id_video": 15, "valor": 3, "data": "2021-12-10 21:31:51.996Z"}
 {"id_video": 15, "valor": 4, "data": "2021-12-10 21:31:57.618Z"}
  {"id_video": 6, "valor": 1, "data": "2021-12-10 21:32:06.505Z"}
 {"id_video": 14, "valor": 5, "data": "2021-12-10 21:32:02.014Z"}
 {"id_video": 12, "valor": 1, "data": "2021-12-10 21:31:44.450Z"}
 {"id_video": 12, "valor": 4, "data": "2021-12-10 21:31:41.198Z"}
  {"id_video": 3, "valor": 3, "data": "2021-12-09 15:53:41.908Z"}
  {"id_video": 3, "valor": 4, "data": "2021-12-09 15:53:41.905Z"}
  {"id_video": 3, "valor": 5, "data": "2021-12-09 15:53:41.895Z"}
  {"id_video": 3, "valor": 5, "data": "2021-12-09 15:53:41.901Z"}

(28 rows)
