   {"tag": "Aventura", "id_video": 1, "id": 9}
  {"tag": "Aventura", "id_video": 2, "id": 10}
  {"tag": "Aventura", "id_video": 4, "id": 11}
  {"tag": "Aventura", "id_video": 7, "id": 12}
  {"tag": "Aventura", "id_video": 8, "id": 13}
 {"tag": "Aventura", "id_video": 10, "id": 14}
 {"tag": "Aventura", "id_video": 11, "id": 15}
 {"tag": "Aventura", "id_video": 14, "id": 16}
 {"tag": "Aventura", "id_video": 15, "id": 17}
    {"tag": "Aveiro", "id_video": 12, "id": 1}
    {"tag": "Aveiro", "id_video": 13, "id": 2}
  {"tag": "Mistério", "id_video": 2, "id": 18}
 {"tag": "Mistério", "id_video": 11, "id": 19}
       {"tag": "Ação", "id_video": 1, "id": 3}
       {"tag": "Ação", "id_video": 3, "id": 4}
      {"tag": "Ação", "id_video": 10, "id": 5}
      {"tag": "Ação", "id_video": 11, "id": 6}
      {"tag": "Ação", "id_video": 14, "id": 7}
      {"tag": "Ação", "id_video": 15, "id": 8}
   {"tag": "Comédia", "id_video": 4, "id": 20}
   {"tag": "Comédia", "id_video": 5, "id": 21}
   {"tag": "Comédia", "id_video": 7, "id": 22}

(22 rows)
