          {"username": "cr7", "email": "ronaldo@ua.pt", "data": "2021-12-09 15:30:17.585Z", "id": "25150d8c-6aaf-4abb-80f5-fc6f9ec32f02", "nome": "Cristiano Ronaldo"}
                         {"username": "user", "email": "user@ua.pt", "data": "2021-12-09 15:30:17.597Z", "id": "1a00a9a7-aa0e-4d7b-902b-e2e710d32166", "nome": "User"}
 {"username": "eduf", "email": "eduardofernades@ua.pt", "data": "2021-12-09 15:30:17.569Z", "id": "da0e36f1-dab5-47af-a412-cd0b188764a8", "nome": "Eduardo Fernandes"}
              {"username": "admin", "email": "admin@ua.pt", "data": "2021-12-09 15:30:17.592Z", "id": "53477497-c0a1-49ce-9098-73be4f08e353", "nome": "Administrador"}
              {"username": "pedromonteiro", "email": "pedro@ua.pt", "data": "2021-12-09 15:30:17.579Z", "id": "f4f63cff-94ae-48a7-a94a-8e9824e7ce9a", "nome": "Pedro"}
         {"username": "renatod", "email": "renatodias@ua.pt", "data": "2021-12-09 15:30:17.574Z", "id": "aed20d34-073c-4dd2-ac2e-5152ada83f30", "nome": "Renato Dias"}
            {"username": "pedrom", "email": "pmapm@ua.pt", "data": "2021-12-09 15:30:17.564Z", "id": "75c3c62d-e4ab-48ca-9579-39070d65af54", "nome": "Pedro Monteiro"}

(7 rows)
