           {"id_video": 10, "comentario_data": "2021-12-11 10:41:13.984Z", "autor": "user", "comentario": "Adorei!"}
        {"id_video": 10, "comentario_data": "2021-12-11 10:38:16.379Z", "autor": "pedrom", "comentario": "Lets go!"}
      {"id_video": 10, "comentario_data": "2021-12-11 10:38:12.771Z", "autor": "renatod", "comentario": "Bem fixe!"}
             {"id_video": 10, "comentario_data": "2021-12-11 10:38:09.342Z", "autor": "admin", "comentario": "Top!"}
             {"id_video": 10, "comentario_data": "2021-12-09 15:36:11.622Z", "autor": "eduf", "comentario": "Fixe!"}
           {"id_video": 10, "comentario_data": "2021-12-09 15:36:11.617Z", "autor": "renatod", "comentario": "Top!"}
         {"id_video": 13, "comentario_data": "2021-12-10 21:18:43.051Z", "autor": "eduf", "comentario": "Nice one!"}
     {"id_video": 1, "comentario_data": "2021-12-09 15:36:11.588Z", "autor": "renatod", "comentario": "Até gostei!"}
            {"id_video": 1, "comentario_data": "2021-12-09 15:36:11.583Z", "autor": "cr7", "comentario": "Not bad!"}
 {"id_video": 1, "comentario_data": "2021-12-09 15:36:11.575Z", "autor": "pedrom", "comentario": "Filme Muito Bom!"}
            {"id_video": 8, "comentario_data": "2021-12-10 21:19:03.213Z", "autor": "eduf", "comentario": "Normal!"}
           {"id_video": 2, "comentario_data": "2021-12-09 15:36:11.608Z", "autor": "renatod", "comentario": "Nice!"}
          {"id_video": 2, "comentario_data": "2021-12-09 15:36:11.580Z", "autor": "pedrom", "comentario": "Gostei!"}
          {"id_video": 4, "comentario_data": "2021-12-09 15:36:11.594Z", "autor": "eduf", "comentario": "Damn God!"}
         {"id_video": 15, "comentario_data": "2021-12-10 21:18:59.413Z", "autor": "admin", "comentario": "Lets go!"}
         {"id_video": 7, "comentario_data": "2021-12-09 15:36:11.599Z", "autor": "eduf", "comentario": "Bom filme!"}
             {"id_video": 3, "comentario_data": "2021-12-09 15:36:11.613Z", "autor": "admin", "comentario": "Siga!"}
          {"id_video": 3, "comentario_data": "2021-12-09 15:36:11.604Z", "autor": "pedrom", "comentario": "Normal!"}

(18 rows)
