                                      {"autor": "cr7", "data": "2021-12-19 16:33:50.913Z", "descricao": "Filme com The Rock", "nome": "Red Notice"}
                             {"autor": "cr7", "data": "2021-12-19 16:33:48.054Z", "descricao": "Rapaz sozinho num lago", "nome": "Sozinho no Lago"}
                              {"autor": "cr7", "data": "2021-12-19 16:33:45.190Z", "descricao": "Rapaz sozinho em casa", "nome": "Sozinho em Casa"}
                                           {"autor": "eduf", "data": "2021-12-19 16:33:57.164Z", "descricao": "Filme sobre Espiões", "nome": "007"}
 {"autor": "eduf", "data": "2021-12-19 16:33:54.509Z", "descricao": "Um dia na ponte pedonal de Arouca", "nome": "Uma aventura na ponte de Arouca"}
                       {"autor": "renatod", "data": "2021-12-19 16:34:06.376Z", "descricao": "Filme com Wanda dos Avengers", "nome": "WandaVision"}
                                 {"autor": "renatod", "data": "2021-12-19 16:34:03.197Z", "descricao": "Melhor Filme do Mundo", "nome": "Avengers"}
                              {"autor": "renatod", "data": "2021-12-19 16:34:00.220Z", "descricao": "Melhor Carnaval", "nome": "Carnaval de Canas"}
       {"autor": "pedrom", "data": "2021-12-19 16:33:41.517Z", "descricao": "Filme acerca do melhor nucleo da UA", "nome": "NEI - O melhor núcleo"}
         {"autor": "pedrom", "data": "2021-12-19 16:33:38.673Z", "descricao": "Resumo de um dia bem passado em Aveiro", "nome": "Um dia em Aveiro"}
                      {"autor": "pedrom", "data": "2021-12-19 16:33:35.525Z", "descricao": "Último filme lançado da Marvel", "nome": "Black Widow"}
                            {"autor": "pedrom", "data": "2021-12-19 16:33:32.415Z", "descricao": "Outro filme da Marvel", "nome": "Doctor Strange"}
                                   {"autor": "pedrom", "data": "2021-12-19 16:33:29.052Z", "descricao": "Um filme da Marvel", "nome": "Spider-Man"}

(13 rows)
