  {"book_id": 5, "date": "2021-12-20 18:38:18.147Z", "vote": 7}
  {"book_id": 5, "date": "2021-12-20 18:38:14.071Z", "vote": 7}
  {"book_id": 5, "date": "2021-12-20 18:38:10.296Z", "vote": 8}
  {"book_id": 5, "date": "2021-12-20 18:38:03.129Z", "vote": 9}
 {"book_id": 5, "date": "2021-12-20 18:37:51.437Z", "vote": 10}
 {"book_id": 1, "date": "2021-12-20 18:34:59.968Z", "vote": 10}
  {"book_id": 1, "date": "2021-12-20 18:33:55.173Z", "vote": 9}
  {"book_id": 1, "date": "2021-12-20 18:33:48.092Z", "vote": 7}
  {"book_id": 1, "date": "2021-12-20 18:33:37.924Z", "vote": 8}
  {"book_id": 1, "date": "2021-12-20 18:33:26.173Z", "vote": 9}
  {"book_id": 2, "date": "2021-12-20 18:35:58.310Z", "vote": 8}
  {"book_id": 2, "date": "2021-12-20 18:35:51.814Z", "vote": 7}
  {"book_id": 2, "date": "2021-12-20 18:35:46.423Z", "vote": 7}
  {"book_id": 2, "date": "2021-12-20 18:35:34.778Z", "vote": 8}
  {"book_id": 2, "date": "2021-12-20 18:35:20.768Z", "vote": 6}
  {"book_id": 2, "date": "2021-12-20 18:35:05.658Z", "vote": 7}
  {"book_id": 4, "date": "2021-12-20 18:37:47.800Z", "vote": 6}
  {"book_id": 4, "date": "2021-12-20 18:37:42.960Z", "vote": 7}
  {"book_id": 4, "date": "2021-12-20 18:37:38.529Z", "vote": 6}
  {"book_id": 4, "date": "2021-12-20 18:37:33.893Z", "vote": 5}
  {"book_id": 4, "date": "2021-12-20 18:37:27.977Z", "vote": 6}
  {"book_id": 4, "date": "2021-12-20 18:37:23.566Z", "vote": 5}
  {"book_id": 3, "date": "2021-12-20 18:37:16.509Z", "vote": 8}
  {"book_id": 3, "date": "2021-12-20 18:37:09.145Z", "vote": 8}
  {"book_id": 3, "date": "2021-12-20 18:37:04.146Z", "vote": 7}
  {"book_id": 3, "date": "2021-12-20 18:36:03.349Z", "vote": 7}
  {"book_id": 3, "date": "2021-12-20 18:35:12.746Z", "vote": 6}

(27 rows)
