  {"reader": "Eduardo Fernandes", "book_id": 3, "id": 7, "num_book_reads": {"num_reads": 7}}
 {"reader": "Eduardo Fernandes", "book_id": 11, "id": 3, "num_book_reads": {"num_reads": 2}}
              {"reader": "José", "book_id": 10, "id": 8, "num_book_reads": {"num_reads": 3}}
               {"reader": "User", "book_id": 2, "id": 4, "num_book_reads": {"num_reads": 4}}
        {"reader": "Renato Dias", "book_id": 4, "id": 6, "num_book_reads": {"num_reads": 6}}
        {"reader": "Renato Dias", "book_id": 5, "id": 5, "num_book_reads": {"num_reads": 6}}
              {"reader": "Inês", "book_id": 6, "id": 10, "num_book_reads": {"num_reads": 3}}
             {"reader": "Miguel", "book_id": 9, "id": 9, "num_book_reads": {"num_reads": 2}}
     {"reader": "Pedro Monteiro", "book_id": 1, "id": 1, "num_book_reads": {"num_reads": 5}}
     {"reader": "Pedro Monteiro", "book_id": 4, "id": 2, "num_book_reads": {"num_reads": 8}}

(10 rows)
