                                       {"category": "Kids", "num_pages": 90, "date": "2021-12-20 15:30:44.478Z", "title": "Diário de um Banana"}
                                    {"category": "Kids", "num_pages": 96, "date": "2021-12-20 15:30:51.393Z", "title": "Diário de um Banana II"}
                                               {"category": "Family", "num_pages": 487, "date": "2021-12-20 15:31:08.754Z", "title": "Os Maias"}
 {"category": "Computer Engineering", "num_pages": 432, "date": "2021-12-20 15:31:17.860Z", "title": "Segurança Informática e nas Organizações"}
             {"category": "Security", "num_pages": 432, "date": "2021-12-20 15:31:15.087Z", "title": "Segurança informática e nas Organizações"}
                                             {"category": "Portugal", "num_pages": 314, "date": "2021-12-20 15:31:05.813Z", "title": "Lusíadas"}
                               {"category": "Satire", "num_pages": 232, "date": "2021-12-20 15:31:12.253Z", "title": "Auto da Barca do Inferno"}
                                                 {"category": "Action", "num_pages": 309, "date": "2021-12-20 15:30:32.272Z", "title": "Hobbit"}
                                        {"category": "Fun", "num_pages": 90, "date": "2021-12-20 15:30:41.537Z", "title": "Diário de um Banana"}
                                     {"category": "Fun", "num_pages": 96, "date": "2021-12-20 15:30:48.657Z", "title": "Diário de um Banana II"}
                                              {"category": "Fun", "num_pages": 213, "date": "2021-12-20 15:30:22.799Z", "title": "Uma Aventura"}
                                                    {"category": "War", "num_pages": 309, "date": "2021-12-20 15:30:27.965Z", "title": "Hobbit"}
                                                   {"category": "War", "num_pages": 516, "date": "2021-12-20 15:30:59.971Z", "title": "Ulisses"}
                                          {"category": "Mystery", "num_pages": 190, "date": "2021-12-20 15:30:38.657Z", "title": "Harry Potter"}
                                           {"category": "Mystery", "num_pages": 419, "date": "2021-12-20 15:30:57.071Z", "title": "Dom Quixote"}
                                              {"category": "History", "num_pages": 314, "date": "2021-12-20 15:31:02.711Z", "title": "Lusíadas"}
                                        {"category": "Adventure", "num_pages": 190, "date": "2021-12-20 15:30:35.551Z", "title": "Harry Potter"}
                                        {"category": "Adventure", "num_pages": 213, "date": "2021-12-20 15:30:18.737Z", "title": "Uma Aventura"}
                                         {"category": "Adventure", "num_pages": 419, "date": "2021-12-20 15:30:54.291Z", "title": "Dom Quixote"}

(19 rows)
