                                  {"author_id": 5, "date": "2021-12-20 15:19:26.995Z", "title": "Os Maias"}
                              {"author_id": 1, "date": "2021-12-20 15:18:33.366Z", "title": "Uma Aventura"}
                                    {"author_id": 1, "date": "2021-12-20 15:19:06.389Z", "title": "Hobbit"}
                       {"author_id": 1, "date": "2021-12-20 15:19:09.925Z", "title": "Diário de um Banana"}
                    {"author_id": 1, "date": "2021-12-20 15:19:13.525Z", "title": "Diário de um Banana II"}
                              {"author_id": 2, "date": "2021-12-20 15:19:17.782Z", "title": "Harry Potter"}
                                  {"author_id": 4, "date": "2021-12-20 15:19:23.914Z", "title": "Lusíadas"}
 {"author_id": 7, "date": "2021-12-20 15:19:35.509Z", "title": "Segurança Informáticas e nas Organizações"}
                  {"author_id": 6, "date": "2021-12-20 15:19:32.564Z", "title": "Auto da Barca do Inferno"}
                                   {"author_id": 3, "date": "2021-12-20 15:19:20.844Z", "title": "Ulisses"}

(10 rows)
